{"cameraMode":{"drawMode":0,"name":"Shaded","section":"Shading Mode"},"sceneLighting":false,"audioPlay":false,"sceneViewState":{"showFog":true,"showMaterialUpdate":false,"showSkybox":true,"showFlares":true,"showImageEffects":true,"showParticleSystems":true},"in2DMode":false,"pivot":{"x":10.027464866638184,"y":9.072307586669922,"z":-1.3341000080108643},"rotation":{"x":-0.07074154168367386,"y":-0.016781719401478769,"z":0.0011895208153873683,"w":-0.9973527789115906},"size":2.924182415008545,"orthographic":false}